city,station_name,supercarburant sans plomb,station_location
Casablanca,TACHAROUK 2,‎ 14.49 DH,"BV OQBA IBNO NAFIAA, TACHAROUK"
Casablanca,ATTACHAROUK,‎ 14.8 DH,ROUTE DE SBIT  SIDI MOUMEN
Casablanca,ISTIRAHA RAJIF,‎ 14.72 DH,ANGLE BD ABDELKADER SAHRAOUI ET OQBA IBNOU NAFII MY RACHID
Casablanca,TACHAROUK 1,‎ 14.29 DH,"""AVENUE OKBA IBNOU NAFIA ET ABDELKADER SAHRAOUI  CASABLANCA                              """
Casablanca,S/S IKHLASS,‎ 14.83 DH,"HAY MOULAY RACHID TRANCHE ""B"" BOULEVARD ABDELKADER SAHRAOUI"
Casablanca,M'DAKRA,‎ 14.57 DH,"KM 6,8  ROUTE DE BEN SLIMAN"
Casablanca,S/S OQBA,‎ 14.8 DH,ROUTE DE BENSLIMANE
Casablanca,PETROFAN S/S SIDI MOUMEN ,‎ 14.83 DH,KM 6.700 BOULEVARD OQBA BEN NAFIA- SIDI MOUMEN
Casablanca,BOURNAZEL,‎ 14.83 DH,ANGLE ROUTE CHABBOU ET BV HOUCINE ESSOUSI SIDI MOUMEN ARRONDISSEMENT SIDI BERNOUSSI 
Casablanca,VILLE NOUVELLE ,‎ 14.8 DH,"AVENUE C HAY MY RACHID-, CASABLANCA"
Casablanca,S/S AL WIFAK,‎ 14.9 DH,"CITÉ NOUVELLE DE SIDI OTHMANE, TRANCHE D., MOULAY RACHID,"
Casablanca,PETROFAN S/S ATTACHAROUK,‎ 14.83 DH,"SALAMA III, BEN MSIK SIDI OHTMANE"
Casablanca,AIN SEBAA 2,‎ 14.29 DH,LOTISSEMENT LAHBAYB N° 1 COMMUNE AIN SEBAÂ
Casablanca,GRANDE CEINTURE,‎ 14.98 DH,"ANGLE BOULEBARD DE LA GRANDE CEINTURE, AIN SEBAA"
Casablanca,GRANDE CEINTURE I,‎ 14.29 DH,BOULEVARD GRANDE CEINTURE
Casablanca,PETROM ATTACHAROUK,‎ 16.83 DH,BD OQBA BNOU NAFII CASABLANCA
Casablanca,GRANDE CEINTURE II,‎ 14.29 DH,"120, BOULEVARD DE LA GRANDE CEINTURE AIN SBAA"
Casablanca,M DAKRA,‎ 14.8 DH,"RUE OKBA BEN NAFI, CASABLANCA 05"
Casablanca,AIN SEBAA 1,‎ 14.24 DH,COMMUNE AIN SEBAÂ CASABLANCA
Casablanca,ISTIRAHA EL AMANE,‎ 14.72 DH,BD OKBA BNOU NAFIR HAY ADIL CASABLANCA
Casablanca,MARCHE DE GROS,‎ 14.39 DH,ANGLE 10 MARS ET ABDELKADER ESSAHRAOUI
Casablanca,WINXO ROUTE DE BENSLIMANE,‎ 14.78 DH,"ROUTE BENSLIMANE ,ANGLE BD LA GRANDE CEINTURE & BD OKBA IBNO NAFIA"
Casablanca,DAR CHEMS,‎ 14.93 DH,BOULEVARD GRANDE CEINTURE
Casablanca,LIBERTE,‎ 14.8 DH,ANGLE BOULEVARDS GRANDE CEINTURE ET OKBA BNOU NAFII
Casablanca,SIDI MOUMEN,‎ 14.8 DH,"KM 10 RTE RABAT AIN SEBAA-, CASABLANCA"
Casablanca,S/S SORAA,‎ 14.83 DH,BOULEVARD GRAND CENTURE -AIN SEBAA 
Casablanca,2000 SIDI OTHMANE SS,‎ 14.73 DH,BOULEVARD DRISS EL HARTI
Casablanca,ZOO,‎ 14.8 DH,"KM 9 ROUTE DE RABAT, CASABLANCA"
Casablanca,ZOO SS,‎ 14.57 DH,"ROUTE DE CASA, SIDI BERNOUSSI"
Casablanca,TARIK ESSALAMA,‎ 14.8 DH,"KM 7 ROUTE DE RABAT AIN SEB—A -, CASABLANCA"
Casablanca,GRANDE ROUTE (AL AMAL),‎ 14.8 DH,"ROUTE DE RABAT AIN SBAA PRES DE ONTS, CASABLANCA"
Casablanca,ANASSI,‎ 14.29 DH,QUARTIER ANASSI SIDI BERNOUSSI
Casablanca,KODIATE,‎ 14.8 DH,"BLOC KODIAT IM. B HAY MOHAMMEDI, CASABLANCA"
Casablanca,WINXO AIN SEBAA,‎ 14.8 DH,ROUTE DE RABAT - PK 7 - AIN SEBAA
Casablanca,ROUTE DE RABAT,‎ 14.8 DH,ROUTE DE RABAT - BOULEVARD MOULAY ISMAIL - AIN SEBAA
Casablanca,ETTAJ,‎ 14.8 DH,RUE MARINIE
Casablanca,S/S CHABAB,‎ 14.83 DH,BD BOUMAAMRANI HAY ACHABAB -AIN SEBAA
Casablanca,STATION SIDI OTHMANE,‎ 14.8 DH,ANGLE AVENUE REDA GUEDIRA SIDI OTHMANE
Casablanca,JONQUILLE,‎ 14.8 DH,"RUE IBN ADARA EL MOURAKCHI, CASABLANCA"
Casablanca,WINXO AIN BORJA,‎ 14.78 DH,BD IBN TACHFINE
Casablanca,MY CHERIF,‎ 14.8 DH,"PLACE HEINTZ -DERB MLY CHERIF  - HAY MOH, CASABLANCA"
Casablanca,S/S AHL LOUGHLAM,‎ 14.83 DH,"BOULEVARD AHL LOUGHLAM , LOTISSEMENT ALAMIA -COMMUNE SIDI MOUMEN  "
Casablanca,OULED ZIANE,‎ 14.8 DH,"260, BOULEVARD IBN TACHFINE"
Casablanca,STATION AFRIQUIA AIN SEBAA (ROUTE DE RABAT),‎ 14.29 DH,KM 7 ROUTE DE RABAT ARRONDISSEMENT AIN SEBAA
Casablanca,BERNOUSSI,‎ 14.8 DH,"KM 9,400, CASABLANCA"
Casablanca,STATION PETROM SALMIA,‎ 14.75 DH,AVENUE AL JOULANE SALMIA
Casablanca,S/BS GESTTION GHOFRAN,‎ 14.83 DH,"DOUAR OULED MELLOUK ,COMMUNE LAHRAWIYINE"
Casablanca,ZI AIN SEBAA,‎ 14.8 DH,"BOULEVARD HAOUZA, Q.I OUKACHA, AIN SEBAA"
Casablanca,BEN MSIK,‎ 14.8 DH,"BD GRANDE CEINTURE, CASABLANCA"
Casablanca,CITEE DJEMAA,‎ 14.87 DH,BOULEVARD IDRISS EL HARTI CITÉ JEMAA
Casablanca,WINXO CHORFA,‎ 14.82 DH,BEN M'SIK DERB MILAN
Casablanca,WINXO TIT MELLIL,‎ 14.75 DH,CENTRE TIT MELLIL
Casablanca,S/S CHEMSS AL MADINA,‎ 14.83 DH,COMMUNE CHELLALATE – PROVINE DE MOHAMMEDIA 
Casablanca,EL FARAH,‎ 14.82 DH,BOULEVARD GRANDE CEINTURE
Casablanca,S/S JAMILA,‎ 14.83 DH,"208, BOULEVARD SAKIA EL HAMRA-  JAMILA II - SIDI OUTMANE "
Casablanca,ERRABITA,‎ 14.8 DH,"192, BD MY ISMAIL, CASABLANCA"
Casablanca,AIN BORJA,‎ 14.8 DH,"172, BD IBN TACHFINE-, CASABLANCA"
Casablanca,FAGES,‎ 14.8 DH,"82, BD MOULAY SLIMANE, CASABLANCA"
Casablanca,STATION MOULAY SLIMANE,‎ 14.39 DH,ROUTE MOULAY SLIMANE
Casablanca,OULED ZIANE,‎ 14.8 DH,"194, ROUTE OULED ZIANE -, CASABLANCA"
Casablanca,WINXO LA VILLETTE,‎ 14.8 DH,RUE DE LA VILLETTE
Casablanca,ZENATA,‎ 10.83 DH,GARE ROUTIÈRE OULED ZIANE
Casablanca,AL AZHAR,‎ 14.29 DH,BOULEVARD MBAREK BEN BOUBKER HAMMADI SIDI MOUMEN BERNNOUSSI  
Casablanca,ZENATA,‎ 14.8 DH,"ROUTE COTIÈRE CASA/MOHAMMADIA /AIN SEBEA, ZENATA"
Casablanca,AERODROME,‎ 14.8 DH,"PROVINCE DE SIDI BERNOUSSI, RTE DE BERRECHID"
Casablanca,INDUSTRIE SS,‎ 14.71 DH,"159, BD MOULAY ISMAIL"
Casablanca,S/S AHL LOGHLAM,‎ 14.83 DH,ROUTE DES ZENATAS ARRONDISSMENT DE AIN SEBAA
Casablanca,EL BERNOUSSI,‎ 14.29 DH,ROUTE DE RABAT N°1 SIDI BERNOUSSI CASABLANCA
Casablanca,FETH,‎ 14.8 DH,"ANGLE  BD ABDELMOUMEN/RUE BNOUKHALIQUANE, CASABLANCA"
Casablanca,S/S AL KHAIR,‎ 14.83 DH,ROUTE PRINCIPALE N°1 AVENUE '' C'' SIDI BERNOUSSI 
Casablanca,2001 CASA SS,‎ 14.46 DH,BD MOULAY SLIMAN
Casablanca,S/S  KARAM,‎ 14.83 DH,ROUTE 111-KM 8+700  LOTISSEMENT KARAM -AIN SEBAA
Casablanca,TELEVISION SS,‎ 14.55 DH,"KM 6,7  ROUTE DE MARRAKECH"
Casablanca,TELEVISION,‎ 14.8 DH,"KM 6,8  ROUTE DE MARRAKECH"
Casablanca,NASSIB,‎ 14.8 DH,"ANGLE RUE PLANQUETTE ET BD BA HMAD, CASABLANCA"
Casablanca,ZI TIT MELLIL,‎ 14.85 DH,"ZI TIT MELLIL, TITT MELLILEN"
Casablanca,DERB SULTAN,‎ 14.29 DH,ROUTE MEDIOUNA  DERB SULTAN
Casablanca,STATION IBN TACHFINE,‎ 14.29 DH,RUE SERGENT HITLAIRE QUARTIER AIN BORJA ROCHES NOIRES
Casablanca,JET STATION SERVICE,‎ 14.62 DH,"BD CHEFCHAOUNI, SIDI BERNOUSSI"
Casablanca,SPORT,‎ 14.8 DH,"294, ROUTE DES OULAD ZIANE HAY MANJRA -, CASABLANCA"
Casablanca,WINXO MAROC CARBURANT,‎ 14.79 DH,KM 5 RTE MEDIOUNA
Casablanca,WINXO MOULAY ISMAIL,‎ 14.83 DH,BD MOULAY ISMAIL
Casablanca,MOUSTAKBAL,‎ 14.72 DH,ROUTE MEDEYOUNA CASABLANCA
Casablanca,OULED HRIZ,‎ 14.8 DH,"868, BOULEVARD MOHAMMED VI"
Casablanca,GARAGE DU PHARE,‎ 14.8 DH,"886, BD MOHAMED VI, CASABLANCA"
Casablanca,BOULHAUT SS,‎ 14.57 DH,BD IBN TACHFIN ET RUE D'IFNI
Casablanca,ROCHES NOIRES,‎ 14.8 DH,AVENUE AMBASSADEUR BEN AICHA
Casablanca,AL FIDA,‎ 14.29 DH,BOULEVARD MOHAMED V
Casablanca,ROND POINT AICHA EMILE ZOLA CASA,‎ 14.29 DH,382 BD EMILE ZOLA CASABLANCA
Casablanca,SOKHOUR,‎ 14.8 DH,"100, AVENUE AMBASSADEUR BEN AICHA, CASABLANCA"
Casablanca,STATION TIT MELLIL,‎ 14.8 DH,43 AVENUE D SIDI OTHMANE TIT MELLIL
Casablanca,YAKOUT LAKSSIBA,‎ 14.29 DH,ROUTE DE MEDIOUNA CASALANCA
Casablanca,FELLAH,‎ 14.8 DH,"125,RUE DES SOISSONS -, CASABLANCA"
Casablanca,MARCHE DE GROS SS,‎ 14.57 DH,AV ABDELLAH BEN YASSINE
Casablanca,KOREA SS,‎ 14.29 DH,ROND-POINT LA GIRONDE PLACE AL KHAIBAR
Casablanca,WINXO BLAYE,‎ 14.78 DH,RUE BLAYE ET BD OULED ZIANE
Casablanca,SLIMANE,‎ 14.8 DH,"68, BD IBN TACHFINE, CASABLANCA"
Casablanca,STATION PETROM ORILIS,‎ 14.78 DH,"SIDI EL BERNOUSSI , ANGLE R 322 ET BOUELVARD EL BINA "
Casablanca,WINXO BUZANCY,‎ 14.78 DH,ANGLE BD PASTEUR ET RUE BUZANCY
Casablanca,ALBERT 1ER,‎ 14.8 DH,"BOULEVARD MOHAMMED V, CASABLANCA"
Casablanca,MAMOUNIA,‎ 14.87 DH,PLACE HMIDOU OUATANI
Casablanca,SRAGHNAS,‎ 14.8 DH,"296,BOULEVARD EL FIDA, CASABLANCA"
Casablanca,S/S SENATOR IMMOBILIER,‎ 14.83 DH,SM76 OPERATION AL BADR SIDI MOUMEN CASABLANCA
Casablanca,AL AMAL,‎ 14.89 DH,BOULEVARD EMILE ZOLA
Casablanca,ISTIRAHA LA GIRONDE,‎ 14.83 DH,MUNICIPALITÉ TIT MELLIL PROVINCE DE MEDIOUNA ROUTE N°9
Casablanca,ESSALAM,‎ 14.72 DH,ANGLE RUE CAPITAINE PUISSESSEAU  BD LA GIRONDE 
Casablanca,ASRIA,‎ 14.8 DH,"19, AVENUE PASTEUR, CASABLANCA"
Casablanca,BIADA  CASABLANCA,‎ 14.29 DH,BD MOHAMED VI RUE OMAR EL IDRISSI
Casablanca,LYON SS,‎ 14.79 DH,"1, RUE BACHIR AL IBRAHIMI"
Casablanca,PASTEUR,‎ 14.8 DH,"AVENUE PASTEUR, CASABLANCA"
Casablanca,TIHAD,‎ 14.8 DH,"82, BD MOHAMED VI-, CASABLANCA"
Casablanca,MIRABEAU,‎ 14.8 DH,"AVENUE PASTEUR, CASABLANCA"
Casablanca,DAKAR SS,‎ 14.79 DH,PLACE DAKAR
Casablanca,CENTRE CASA SS,‎ 14.79 DH,"302, BD MOHAMED V"
Casablanca,STATION ZIZ OULED HADDOU,‎ 14.79 DH,"STATION ZIZ, KM 12 RTE MEDIOUNA COMM MEJJATIA OULED HADDOU MEDIOUNA"
Casablanca,STATION PETROM 2 MARS,‎ 14.82 DH,BD PANORAMIQUE ET BD 2 MARS
Casablanca,AIN MAAZI,‎ 14.8 DH,"28, BOULEVARD LA RESISTANCE"
Casablanca,EL FIDA,‎ 14.8 DH,BOULEVARD 2 MARS HADDAOUIA 2 AIN CHOCK
Casablanca,02-MARS,‎ 14.8 DH,"ANGLE AVENUE 2 MARS EL FIDA, CASABLANCA"
Casablanca,WINXO BD MLY DRISS,‎ 14.8 DH,"AVENUE 2 MARS -, CASABLANCA"
Casablanca,AL MADINA,‎ 14.85 DH,ANGLE BOULEVARD MY DRISS 1ER ET RUE ABDESLAM EL KHATTABI
Casablanca,INARA,‎ 14.35 DH,BOULEVARD 2 MARS HAY INARA AIN CHOK
Casablanca,LA RESISTANCE,‎ 14.29 DH,BOULEVARD LA RÉSISTANCE CASABLANCA
Casablanca,WINXO AVENUE 2 MARS,‎ 14.78 DH,"ANGLES AVENUE , 2 MARS ET RUE LAMARTINE"
Casablanca,WINXO LES ALLIES,‎ 14.78 DH,PLACE DE LA VICTOIRE
Casablanca,STATION JAWHARA,‎ 14.29 DH,QUARTIER DERB OMAR RESIDENCE JAWHARA
Casablanca,HERMITAGE,‎ 14.8 DH,ANGLE BOULEVARD 2 MARS ET MY DRISS 1ER
Casablanca,RIAD,‎ 14.34 DH,BOULEVARD PANORAMIQUE ET BOULEVARD NADOR L'HERMITAGE CASABLANCA
Casablanca,PETROFAM S/S PANORAMIQUE,‎ 14.8 DH,"AVENUE 2 MARS, CASABLANCA"
Casablanca,STATION ZIZ 2 MARS,‎ 14.83 DH,ANGLE BD PANORAMIQUE  & BD OULED HADDOU ARRONDISSEMENT AIN CHOCK CASABLANCA
Casablanca,SIDI HAJAJ,‎ 16.74 DH,RP 3024 DOUAR OULED BOUAZIZ COMMUNE RURALE SIDI HAJJAJ OUED HASSAR   PROVINCE MEDIOUNA
Casablanca,LYCEE SS,‎ 14.49 DH,ANGLE AV 2 MARS ET TARIK IBNOU ZIAD
Casablanca,WINXO VESALE,‎ 14.8 DH,RUE VESALE ET 2 MARS
Casablanca,ISTIRAHA LES CRETES,‎ 14.72 DH,BOULEVARD MODI BOKITA
Casablanca,PETROFAN S/S ZOUBEIR,‎ 14.83 DH,BOULEVARD HAJ FATEH  HAY EL HASSANI CASABLANCA  
Casablanca,EL MANZAH SS,‎ 14.71 DH,"PK 8,35  COMMUNE RURAL EL MAJJATIA"
Casablanca,AIN HARROUDA,‎ 14.8 DH,"ROUTE DE CASA   -, MOHAMMEDIA"
Casablanca,WINXO HASSAN II CASA,‎ 14.8 DH,RP HASSANE 2 CASA
Casablanca,WIDAD,‎ 14.8 DH,"ANGLE BD ABDELMOUMEN, CASABLANCA"
Casablanca,PETROFAN S/S BACHKOU,‎ 14.83 DH,BD EL HACHIMI FILALI-QUARTIER LES CRÊTES POLO-CASABLANCA 
Casablanca,ABDELMOUMEN,‎ 14.8 DH,"212, BOULEVARD ABDELMOUMEN"
Casablanca,ABDELMOUMEN I,‎ 14.8 DH,"BD TADDERT, CASABLANCA"
Casablanca,PETROFAN S/S CALIFORNIE,‎ 14.29 DH,355 BOULEVARD ABDELMOUMEN CASABLANCA
Casablanca,ABDELMOUMEN II,‎ 14.29 DH,ANGLE RUE LAMENAI ET BOULEVARD ABDELMOUMEN CASABLANCA
Casablanca,ISTIRAHA CHAOUIA,‎ 14.72 DH,ANGLE BD ROUDANI ET ZERKTOUNI
Casablanca,PALMIERS,‎ 14.89 DH,QUARTIER PALMIER - ANGLE RUE 9 AVRIL ET RUE MOHAMED BAHI
Casablanca,EL GHOUROUB,‎ 14.99 DH,"61, BOULEVARD BORDEAUX"
Casablanca,WINXO AL MASSIRA,‎ 14.78 DH,AVENUE EL MASSIRA
Casablanca,STATION ZIZ GAMA GHANDI,‎ 14.79 DH,"STATION ZIZ, BD GHANDI CASABLANCA"
Casablanca,PETROFAN S/S SIDI MESSAOUD,‎ 14.83 DH,COMMUNE BOUSKOURA-PROVINCE NOUACEUR
Casablanca,"MLY YOUSSEF , ZIRAOUI  CASA",‎ 14.29 DH,ANGLE MLY YOUSSEF ET ZIRAOUI CASA
Casablanca,PETROFAN S/S GHANDI,‎ 14.83 DH,BOULEVARD GHANDI- CASABLANCA
Casablanca,PISCINE,‎ 14.8 DH,"RUE DE TIZNIT -, CASABLANCA"
Casablanca,WINXO BORDEAUX,‎ 14.27 DH,ROND POINT LECLERC
Casablanca,H&K S/S TADDART,‎ 14.78 DH,BD BORDEAUX
Casablanca,WINXO DANTON,‎ 14.78 DH,BD BIR ANZARANE
Casablanca,S/S AIN HARROUDA,‎ 14.81 DH,COMMUNE AIN HARROUDA
Casablanca,EL MANAR,‎ 14.8 DH,"ANGLE BOULEVARD BRAHIM ERROUDANI ET YAACOUB EL MANSOUR, CASABLANCA"
Casablanca,AIN HARROUDA,‎ 14.29 DH,RN 1 MUNICIPALITÉ DE AIN HARROUDA PRÉFECTURE DE MOHAMMEDIA    
Casablanca,GHANDI,‎ 14.8 DH,ANGLE BOULEVARD GHANDI ET RUE CLEMENT
Casablanca,RACINE,‎ 14.88 DH,ANGLE BOULEVARD ANFA - BOULEVARD ZERKTOUNI
Casablanca,RELAIS AL BAIDA,‎ 14.8 DH,"275,BD MOULAY YOUSSEF -, CASABLANCA"
Casablanca,CASABLANCA,‎ 14.39 DH,AUTOROUTE DE CONTOURNEMENT DE CASABLANCA DOUAR LAMZABIINE BOUSKOURA
Casablanca,ALMA,‎ 14.85 DH,"185, BOULEVARD BORDEAUX"
Casablanca,ISTIRAHA BEAULIEU,‎ 14.72 DH,BD.GHANDI-RIVERA CASABLANCA
Casablanca,CHELLALATE,‎ 14.8 DH,"COMMUNE CHELLALATE, RTE N 9, MOHAMMEDIA"
Casablanca,ROUTE DU SUD,‎ 14.8 DH,BOULEVARD BRAHIM ROUDANI VERS ROUTE D'EL JADIDA
Casablanca,AL MASSIRA,‎ 14.89 DH,"87, BOULEVARD AL MASSIRA AL KHADRA"
Casablanca,VILLE VERTE,‎ 14.9 DH,VILLE VERTE BOSKOURA 
Casablanca,SAUVAGE,‎ 14.8 DH,"ANGLE RUE AISHAK / JOUFROY, CASABLANCA"
Casablanca,PETRO VEGAS,‎ 14.69 DH,AIN HARROUDA CENTRE
Casablanca,AIN HARROUDA,‎ 14.8 DH,ROUTE EL JADIDA
Casablanca,GARAGE HENRY,‎ 14.8 DH,"435, BD ZERKTOUNI, CASABLANCA"
Casablanca,OASIS,‎ 14.8 DH,"ROUTE D'EL JADIDA, CASABLANCA"
Casablanca,RIVIERA,‎ 14.8 DH,ANGLE RUE OMAR KHYAM ET ROUTE D'EL JADIDA
Casablanca,BARAKA,‎ 14.8 DH,"NOUVELLE ROUTE D'EL JADIDA, CASABLANCA"
Casablanca,STADES,‎ 14.8 DH,"ROUTE D'EL JADIDA, CASABLANCA"
Casablanca,OASIS,‎ 14.29 DH,ROUTE EL JADIDA OASIS
Casablanca,WINXO AVENIR,‎ 14.78 DH,RTE D'EL JADIDA
Casablanca,STATION PETROM S.D'HONNEUR,‎ 14.7 DH,BOULEVARD IBNOU SINA
Casablanca,DOUMER,‎ 14.8 DH,"ANGLE BD IBN SINA ET BD ROUTE D'AZEMMOUR, CASABLANCA"
Casablanca,VELODROME,‎ 14.88 DH,BOULEVARD MY RACHID
Casablanca,SIDI MAAROUF 2,‎ 14.24 DH,9 CENTRE COMMERCIAL BOUSKOURA SIDI MAÂROUF CASABLANCA
Casablanca,SPORTS CASA SS,‎ 14.46 DH,12 BOULEVARD IBN SINA
Casablanca,MEDMA GESTION S/S FLORIDA,‎ 14.83 DH,LOT FLORIDA-SIDI MAAROUF-CASABLANCA
Casablanca,SIDI MESSAOUD,‎ 10.91 DH,RS 109 PK 10+000 SIDI MESSAOUD CASABLANCA
Casablanca,WINXO GHANDI,‎ 14.79 DH,ANG. BD GHANDI ET IBN SINA
Casablanca,WINXO HIPPODROME,‎ 14.8 DH,"1, RUE IFRAN - C I L, CASABLANCA"
Casablanca,ISTIRAHA BOUSKOURA 1,‎ 14.8 DH,ANGLE AV. MY RACHID ET D'HIERS
Casablanca,STATION CPHM HAMRIA,‎ 14.72 DH,ROUTE NATIONALE 11
Casablanca,SIDI MESSOUD BOUSKOURA,‎ 14.1 DH,ROUTE DE MARRAKECH CASABLANCA
Casablanca,EXIT CASABLANCA,‎ 14.8 DH,"SORTIE VERS NOUACER, CASABLANCA"
Casablanca,BOUSKOURA 1,‎ 14.29 DH,"SORTIE DE CASABLANCA, ROUTE DE MARRAKECH"
Casablanca,AL MENZAH ,‎ 14.8 DH,"BD ROOSVELT/RAMPE D'ANFA, CASABLANCA"
Casablanca,S/S LHBIB OUED HASSAR,‎ 14.83 DH,COMMUNE RURALE SIDI HAJJAJ OUED HASSAR
Casablanca,ZENATA,‎ 14.29 DH, ENTRÉE VERS MOHAMMEDIA ZENATA
Casablanca,HASSANIA,‎ 14.87 DH,BOULEVARD OUM RABII EL OULFA
Casablanca,ALLAYMOUN,‎ 14.8 DH,"BD DE LA GRANDE CEINTURE, CASABLANCA"
Casablanca,SIDI MAAROUF,‎ 14.29 DH,LOTISSEMENT MEHDI ROUTE EL JADIDA LISSASFA
Casablanca,MEDIOUNA,‎ 14.8 DH,"ROUTE NATIONALE N°9, CARREFOUR MEDIOUNA / CASABLANCA / TIT MELLIL"
Casablanca, ZARHANE,‎ 14.44 DH,"COMMUNE RURALE SIDI MOUSSA BEN ALI, PROVINCE MOHAMMEDIA"
Casablanca,ROUTE AZEMOUR,‎ 14.29 DH,ANGLE BOULEVARD ABI RAKRAK ET IBNOU HAITAM QUARTIER HAY HASSANI
Casablanca,JADI,‎ 14.8 DH,KM 6 ROUTE ELGARA
Casablanca,S/S  REST SPACE,‎ 14.81 DH,COMMUNE CHALLALATE-MOHAMMEDIA
Casablanca,NASSIM,‎ 14.8 DH,QUARTIER INDUSTRIEL LISSASFA VERS AUTOUROUTE D'ELJADIDA
Casablanca,HAY HASSANI ,‎ 14.29 DH,ANGLE BOULEVARD ABI RAKRAK ET IBNOU HAITAM QUARTIER HAY HASSANI CASABLANCA
Casablanca,MAHATAT ANNOR,‎ 14.81 DH,RT N°1 COMMUNE CHALLALATE-MOHAMMEDIA
Casablanca,S/S LA NOUVELLE VILLE DE ZENATA,‎ 14.81 DH,"COMMUNE AIN HARROUDA,LOTISSEMENT ZS2 - MOHAMMEDIA"
Casablanca,ISTIRAHA PALOMA,‎ 14.71 DH,ROUTE COTIERE CASA MOHAMMEDIA AIN HARROUDA
Casablanca,OUM ERRABII,‎ 14.9 DH,BOULEVARD OUM ERRABII - QUARTIER OULFA
Casablanca,NOUZA,‎ 14.68 DH,"QUARTIER INDUSTRIEL , MUNICIPALITÉ DE MEDIOUNA"
Casablanca,PETROFAN S/S HAY HASSANI,‎ 14.83 DH,ANGLE BD BOUTALEB ET RUE 8 -ANFA-CASABLANCA
Casablanca,STATION PETROM CHANANE,‎ 14.82 DH,LISSASFA ROUTE D'EL JADIDA
Casablanca,SIDI MAAROUF,‎ 14.77 DH,"ZONE INDUSTRIELLE BOUSKOURA, SIDI MAAROUF"
Casablanca,ROUTE EL JADIDA,‎ 14.29 DH,QUARTIER INDUSTRIEL SIDI MAÂROUF
Casablanca,S/S IKHLASS II,‎ 14.83 DH,DIYAR EL MENZEH -LYSSASFA
Casablanca,FABIDIS S/S AL OMRAN,‎ 14.81 DH,LOT Z.I.SUD-OUEST PHASE 2 N° 57 -MOHAMMEDIA
Casablanca,OULFA,‎ 14.73 DH,"EL ALIA 3, QUARTIER OULFA - AIN CHOK - HAY HASSANI-CASA"
Casablanca,SIDI MOUSSA,‎ 14.3 DH,RP 106 PK 25+000 SIDI MOUSSA BEN ALI
Casablanca,WINXO OULFA,‎ 14.79 DH,AVENUE SID AL KHADIR OULFA
Casablanca,OUED MELLAH,‎ 14.78 DH,ROUTE COTIÈRE CASA MOHAMMEDIA
Casablanca,S/S AL ARSA AIRE  DE SERVICE,‎ 14.83 DH,PK 28+450 DE LA ROUTE NATIONALE N° 9
Casablanca,WINXO SAMIR,‎ 14.8 DH,ROUTE D'EL JADIDA LISSASFA
Casablanca,SOFIA,‎ 14.8 DH,BOUSKOURA
Casablanca,BOUSKOURA 2,‎ 11.96 DH,ROUTE DE BOUSKOURA
Casablanca,S/S BASSARI  BOUSKOURA,‎ 14.83 DH,SISE 0 LA RS N° 107- BOUSKOURA PROPRIETE DITE RAMEL LHLALA  
Casablanca,STATION PETROM SERVICE NOREA,‎ 14.42 DH,RP 1 PK 338+1 COMMUNE SIDI MOUSSA EL MAJDOUB
Casablanca,FEDALA,‎ 14.27 DH,RS 111 PK 17+000  MOHAMMEDIA 
Casablanca,BEAUSITE,‎ 14.8 DH,"KM 17  - BOUSKOURA CENTRE B. P. 22, BOUSKOURA"
Casablanca,ERRAHMA,‎ 14.59 DH,ROUTE AZEMMOUR PRÈS CENTRE ERRAHMA
Casablanca,ISTIRAHA ASWAK ASSALAM,‎ 14.71 DH,AV HASSAN II  ASWAKASSALAM  MOHAMEDIA
Casablanca,BD HASSAN II,‎ 14.27 DH,ANGLE BOULEVARD GRANDE CEINTURE ET HASSAN II MOHAMMEDIA
Casablanca,SOCIETE OULED HADJ LARBI - SARL,‎ 14.54 DH,DOUAR LOUCHACHMA
Casablanca,PETROFAN S/S CENTRE SOUALEM,‎ 14.84 DH,COMMUNE HAD SOUALEM- PROVINCE DE BERRECHID
Casablanca,FADILE GESTION S/S ARRAHMA,‎ 14.87 DH,COMMUNE ARRAHMA DAR BOUAZZA -PROVINCE NOUACEUR
Casablanca,S/S SAPINO II,‎ 14.84 DH,"SAPINO LOT 1400, LOT 67- NOUACEUR"
Casablanca,L ESCALE,‎ 14.81 DH,ZONE INDUSTIELLE SAPINO - RN9 - ROUTE MÉDIOUNA VERS BERRECHID
Casablanca,STATION EL ALIA,‎ 14.71 DH,"BD HASSAN II, MOHAMMEDIA"
Casablanca,GALIA,‎ 14.78 DH,"AVENUE HASSAN II, MOHAMMEDIA"
Casablanca,MOHAMEDIA,‎ 14.78 DH,"AVENUE HASSAN II, MOHAMMEDIA"
Casablanca,S/S BS GESTION NOUACEUR,‎ 14.84 DH,"PARC INDUSTRIEL SAPINO, LOT N°1401-MUNICIPALITE NOUACEUR "
Casablanca,MAYSSANE,‎ 14.81 DH,"COMMUNE OULED SALEH, BOUSKOURA"
Casablanca,WINXO SOCCO,‎ 14.8 DH,N1 COM OULED AZZOUZ RTE ELJADIDA
Casablanca,MIRAMAR SS,‎ 14.77 DH,BD MOHAMED V
Casablanca,S/S AL FALAH,‎ 14.81 DH,ANGLE BOULEVARD MOULAY RCHID ET BOULEVARD RIAD - LOT AL FALAH
Casablanca,BENI YAKHLEF,‎ 14.78 DH,"KYADA BENIKHLEF, RTE NATIONALE N1"
Casablanca,GARAGE EL ALIA,‎ 14.29 DH,16 BOULVARD HASSAN II
Casablanca,DU PARC,‎ 14.79 DH,RUE DE FEZ
Casablanca,AIN TEKKI,‎ 14.39 DH,"COMMUNE BENI YAKHLEF, PREFECTURE MOHAMMEDIA"
Casablanca,S/S SIDI MOHAMED GUENOUNI,‎ 14.81 DH,COMMUNE BENI YAKHLAF
Casablanca,DEROUA,‎ 14.81 DH,"DEROUA, LOTISSEMENT BAYTI SAKANE"
Casablanca,S/S BOULEVARD SEBTA,‎ 14.78 DH,"AVENUE HASSAN II, MOHAMMEDIA"
Casablanca,RIAD AL KARIA,‎ 14.81 DH,BOULEVARD SEBTA -ALIA MOHAMMEDIA
Casablanca,FEDALATE,‎ 14.39 DH,JAMÂAT FEDALAT PROVINCE BEN SLIMAN
Casablanca,LOUIZIA,‎ 14.78 DH,39 RUE LES EUCALYPTUS
Casablanca,CPHM ESPACE ZENATA,‎ 9.48 DH,RP 1 CASA RABAT
Casablanca,BENI YAKHLEF I,‎ 14.71 DH,RTE NATIONALE N°1 BENI YAKHLEF 
Casablanca,AEROPORT MOHAMMED V,‎ 14.3 DH,AÉROPORT MOHAMED V NOUACEUR
Casablanca,OUED EDDAHAB SS,‎ 14.87 DH,COMMUNE URBAINE OULED AZOUZ ZONE INDUSTRIELLE- PROVINCE NOUACEUR
Casablanca,LOUIZIA,‎ 14.54 DH,"ROUTE DE CASA, DAROUA"
Casablanca,BEN MCHICH,‎ 14.48 DH,DOUAR OULAD BEN OMAR CAIDAT OULAD ZIANE SUR LA ROUTE RP 3336
Casablanca,TAMARIS II,‎ 14.45 DH,KM 10 - DAR BOUAZZA - ROUTE AZEMMOUR
Casablanca,DEROUA,‎ 14.3 DH,RN 9 PK 35+800 COMMUNE DAROUA PROVINCE SETTAT
Casablanca,MOHAMEDIA,‎ 14.27 DH,MOHAMMEDIA
Casablanca,S/S SALMA LOUZI,‎ 14.84 DH,DOUAR CHRAGUI COMMUNE RURALE KHIAYTA
Casablanca,S/S AL MADINA,‎ 14.83 DH,ROUTE NATIONELE  01 POINT KILOMETRIQUE  000+380 - COMMUNE DAR BOUAAZZA - NOUCEUR
Casablanca,S/S CARREFOUR,‎ 14.83 DH,"COMMUNE DEROUA, OULED HRIZ, BERRCHID"
Casablanca,DAR BOUAZZA,‎ 14.59 DH,RS 320 PK 12+200 DAR BOUAZZA PRÉFECTURE HAY HASSANI AIN CHOK
Casablanca,AL BASSATINE,‎ 14.88 DH,"PROVINCE BENSLIMANE, COMMUNE EL MANSOURIA, LOUTISSEMENT INDUSTRIEL. "
Casablanca,LES IRIS,‎ 14.81 DH,"PROVINCE DE NOUACER C/R OULED AZZOUZ, DOUAR HARET EL GHABA"
Casablanca,S/S AL HAMD,‎ 14.84 DH,COMMUNE URBAINE ELMANSOURIA  DOUAR BENI AMER
Casablanca,LAKHYAYTA,‎ 14.55 DH,"CERCLE BERRCHID,COMMUNE RURALE LAKHYAYTA"
Casablanca,STATION PETROM LAKHYAYTA,‎ 14.3 DH,RS 222 PK 53+500 PONT BLONDIN ROUTE CÔTIÈRE ENTRÉE DE MOHAMMEDIA
Casablanca,STATION EL MANSOURIA,‎ 16.66 DH,PK 21 RN 8 ROUTE EL JADIDA LAKHYAYTA
Casablanca,JAKMA,‎ 10.96 DH,CITE BALEAIRE COMMUNE EL MANSOURIA
Casablanca,STATION PETROM LAMII,‎ 14.77 DH,RT 19 PK 27 COMMUNE OULED SALEH
Casablanca,AL MIZHARIA,‎ 14.79 DH,RN9 DAROUA VERS BERRECHID   CR JAKMA  BERRECHID
Casablanca,WINXO UNIVERS AMINE,‎ 14.55 DH,AR
Casablanca,DAROUA,‎ 14.81 DH,"ROUTE MEDIOUNA, DEROUA"
Casablanca,STATION PETROM ROCAILLES,‎ 16.75 DH,RR 320  PK 15+150 RTE COTIERE AZEMMOUR DAR BOUAZZA
Casablanca, MANSOURIA,‎ 14.44 DH,"COMMUNE URBAINE EL MANSOURIA, ROUTE NATIONALE N°1, PROVINCE BENSLIMANE"
Casablanca,KASBAT BEN MCHICH,‎ 14.4 DH,SIS À LA CR KASBAT BEN M’CHICH
Casablanca,LAKHYAYTA,‎ 14.31 DH,DOUAR LAKHYAYTA SAHEL KM 25 CERCLE BERRECHID
Casablanca,S/S FAJR,‎ 14.84 DH,COMMUNE FDALETTE -BENSLIMANE
Casablanca,AGOURRAM,‎ 14.91 DH,CR SOUALEM TRAIFIYA PR BERRECHID
Casablanca,STATION ZIZ OULED JERRAR,‎ 14.8 DH,"STATION ZIZ, R R 320 AU PK16+725 A DOUAR LARBAA OULAD JERRAR DAR BOUAZZA"
Casablanca,DAR BOUAZZA,‎ 14.8 DH,"PK 17 ROUTE D'AZEMMOUR DAR BOUAZZA, DAR BOUAZZA"
Casablanca,TAMARIS,‎ 12.11 DH,ROUTE DE DAR BOUAZZA
Casablanca,HAD SOUALEM,‎ 14.81 DH,LOT 128 LOTISSEMENT AL FADL HAD SOUALEM - SOUALEM
Casablanca,BELAIR,‎ 14.81 DH,"ROUTE NATIONALE N°11, ENTRÉE DE BERRECHID"
Casablanca, SIDI BARKA,‎ 14.84 DH,"COMMUNE RURALE OULED YAHIA LOUTA, DOUAR LAAOUNAESS"
Casablanca,TAMARIS 3,‎ 14.44 DH,"DOUAR LAAOUNESS, COMMUNE RURALE OULED YAHYA LOUTA, PROVINCE BENSLIMANE"
Casablanca,FIRDAOUS,‎ 14.87 DH,ROUTE NATIONALE CÔTIÈRE CASABLANCA - AZEMMOUR
Casablanca,STATION KASBAT CHAOUIA,‎ 16.66 DH,"ROUTE NATIONAL CASA-HAD SOUALEM, HAD SOUALEM"
Casablanca,S/S HIDAYA LAASSILATE ,‎ 14.84 DH,COMMUNE SAHEL DOUAR LAASILATE 
Casablanca,LAACILATE,‎ 14.3 DH,RS 103 PK 22+000 COMMUNE RURALE LAKHYAYTA CERCLE DE BERRECHID PROVINCE DE SETTAT
Casablanca,BERRECHID 3,‎ 14.28 DH,RS 114 KM 30 ROUTE DE BOUSEKOURA BERRECHID
Casablanca,WINXO BERRECHID,‎ 14.82 DH,LOT ZOUBIDA RP 114-PK 34
Casablanca,BERRCHID 1,‎ 14.81 DH,"ROUTE DE BOUSSEKOURA, BERRECHID"
Casablanca,BOUMAIZA,‎ 14.8 DH,"STATION ZIZ, RR 10 9 ET RR103 PK 32 BERRECHID PROVINCE DE SETTAT"
Casablanca,TOUALAA,‎ 14.85 DH,KM 9 ROUTE RÉGIONALE R318 SORTIE DE BERRECHID VERS HAD SOUALEM
Casablanca,STATION PETROM AAMRI,‎ 14.8 DH,"305, COMMUNE OULAD YAHYA "
Casablanca,PETROFAN S/S DAR 16,‎ 14.84 DH,COMMUNE OULED AZZOUZ - PROVINCE DE NOUACEUR
Casablanca,HAD SOUALEM,‎ 14.3 DH,CENTRE HAD SOUALEM
Casablanca,SIDI RAHAL,‎ 14.74 DH,COMMUNE HAD SOUALEM SETTAT
Casablanca,S/S ESPACE KILMI,‎ 14.84 DH,"106, ROUTE OULED YAHIA OULED YAHIA LOUTA  "
Casablanca,BENSLIMANE 1,‎ 14.3 DH,R R N305 PK 27+200 CR OULED YAHYA LOUTA
Casablanca,SOUK TNINE,‎ 11.08 DH,RP 32 PK 24+1 COMMUNE DE HAD SOUALEM
Casablanca,S/PETROM ESPACE EL BASMA,‎ 14.32 DH,ROUTE AIN SAEIRNI
Casablanca,ZANATA,‎ 14.81 DH,"HAD SOUALEM, HAD SOUALEM"
Casablanca,ESPACE HIATI,‎ 14.78 DH,DOUAR BENI KARZAZ
Casablanca,BERRECHID 2,‎ 14.25 DH,RP 7 PK 43+000 BERRECHID 
Casablanca,ELHADI JAOUAD SS,‎ 14.62 DH,CENTRE HAD SOUALEM
Casablanca,ALBOUSTANE,‎ 14.4 DH,RP N° 36 PK 32+000 AUTOROUTE CASABLANCA VERS RABAT
Casablanca,AL JAZIRA,‎ 14.3 DH,SORTIE DE BERRECHID VERS MARRAKECH
Casablanca,OULED HARRIZ,‎ 14.81 DH,"AUTO ROUTE CASA RABAT, BOUZNIKA"
Casablanca,BERRECHID 4,‎ 14.3 DH,ROUTE DE BERRECHID VERS SETTAT
Casablanca,2001 BERRECHID,‎ 14.56 DH,ROUTE DE SETTAT
Casablanca,WINXO HAD SOUALEM,‎ 14.79 DH,HAD SOUALEM
Casablanca,OULED HRIZ,‎ 14.3 DH,"""EMPRISE RP N° 13 PK 7 BERRECHID PROVINCE BERRECHID"""
Casablanca,LAMBARKIYINE,‎ 14.72 DH,ROUTE DE KHOURIBGA PK 3600 COMMUNE LEMBARKIYINE
Casablanca,DAHOMEY,‎ 14.81 DH,LOTISSEMENT BAHIA 1 - ROUTE CÔTIÈRE MOHAMMEDIA
Casablanca,STATION PETROM BEN SLIMAN,‎ 14.87 DH,ROND POINT 11 X 16 HAY EL FATH
Casablanca,ISTIRAHA LAHRIZI,‎ 14.75 DH,ROUTE SETTAT
Casablanca,STATION ZIZ BERRECHID,‎ 14.8 DH,"STATION ZIZ, ZONE INDUSTRIEL BERRECHID ROUTE NATIONALE 9 (VERS SETTAT)"
Casablanca,BENSLIMANE,‎ 14.44 DH,SITUÉE À COMMUNE RURALE LAMBARKIYINE
Casablanca,EL GARA,‎ 14.81 DH,CENTRE BENSLIMANE
Casablanca,GARAGE BENSLIMANE,‎ 14.89 DH,CENTRE BENSLIMANE
Casablanca,WINXO BENSLIMANE,‎ 9.49 DH,AVENUE HASSAN II 
Casablanca,BOUZNIKA 1,‎ 14.81 DH,RN 1 PK 315+050 BOUZNIKA VERS CASA
Casablanca,WINXO JACMA,‎ 14.8 DH,RN 11 PK 39+300 CERCLE ELGARA CAI 0 EL GARA
Casablanca,OCÉAN,‎ 14.4 DH,AUTOROUTE DE SETTAT VERS BERRECHID  
Casablanca,SIDI RAHAL,‎ 14.81 DH,"ROUTE NATIONALE N°1, ENTRÉE DE BOUZNIKA"
Casablanca,SOGEFAM S/S ALIA ( KM 36),‎ 14.3 DH,RP 320 PK 28+800 COMMUNE SIDI RAHAL CHATI PROVINCE BERRECHID
Casablanca,RELAIS CHAOUIA,‎ 14.87 DH,"CASABLANCA VERS MARRAKECH, PK 35"
Casablanca,STATION PETROM NZAHA,‎ 14.81 DH,RP 1 PK 200+313 MUNICIPALITE DE BOUZNIKA
Casablanca, BOUZNIKA,‎ 14.45 DH,"COMMUNE URBAINE BOUZNIKA, PROVINCE BENSLIMANE"
Casablanca,S/S AUTOROUTE BERRECHID,‎ 15.08 DH,AUTOROUTE KHOURIBGA -BERRECHID SITUE P.K 15 COMMUNE LAMBARKIYINE 
Casablanca,AIRE DE REPOS BERRECHID,‎ 14.32 DH,PK15 AUTOROUTE CASA-BENIMELLAL
Casablanca,STATION ZIZ MELLILA,‎ 14.8 DH,"STATION ZIZ, CT N° 1054 A JEMA MELLILA PROVINCE DE BENSLIMANE"
Casablanca,GARA 2,‎ 14.4 DH,RS 117 PK 2500 BOUZNIKA
Casablanca, BERRECHID,‎ 14.44 DH, ENTRÉE EL GARA
Casablanca,ZI BERRECHID,‎ 14.39 DH,"ROUTE NATIONALE N°11, SORTIE DE BERRECHID VERS KHOURIBGA"
Casablanca,STATION PETROM BOUZNIKA,‎ 14.89 DH,AVENUE HASSAN II
Casablanca,WINXO EL GARA,‎ 14.9 DH,RTE 1007 DE BEN SLIMANE RUE DES C 
Casablanca,GARA 3,‎ 14.3 DH,ROUTE BEN AHMED CENTRE EL GARA
Casablanca,GARA 1,‎ 14.3 DH,ROND POINT PRINCIPAL CENTRE VILLE - GARA
Casablanca,GARA,‎ 9.44 DH,"ROUTE DE BEN AHMED, EL GARA"
Casablanca,S/S ESPACE DAIF TARIK,‎ 14.99 DH,KM32 SIDI RAHAL
Casablanca,BENSLIMANE 2,‎ 14.3 DH,RR 305 PK 11+200 DOUAR OULED SAADA COMMUNE RURALE ZIAIDA BENSLIMANE
Casablanca,STATION ZIZ SIDI KACEM ZEMMAL,‎ 14.8 DH,"STATION ZIZ, RP N° 3610 SIDI KACEM ZEMMAL PROVINCE BERRCHID"
Casablanca,BENMOUSSA,‎ 14.87 DH,OULED LAHCEN DKHAKHNA COMMUNE JEMAA RIAH
Casablanca,S/S PETROMIN LA FERME DE BENSLIMANE,‎ 14.84 DH,ROUTE REGIONALE N°404 PK 050+131 COMMUNE ZIAIDA PROVINCE DE BENSLIMANE
Casablanca,BOUFERROUJ,‎ 14.82 DH,"RTE SETTAT BOUFAROUJ CENTRE - BOUFARROUJ, BOUFARROUJ"
Casablanca,BIR JDID 2,‎ 14.87 DH,RR 320 EX RS N° 130 DOUAR BIR RATMA COMMUNE RURALE DE LMHARZA ESSAHEL
Casablanca,BENSLIMANE,‎ 14.15 DH,RP N° 8 PK 4 BIR JDID
Casablanca,BIR JDID,‎ 14.84 DH,"AUTOROUTE CASABLANCA-EL JADIDA, BIR JDID"
